Date,Match,Arena
2024-02-06,Indiana Pacers vs Houston Rockets,Gainbridge Fieldhouse
2024-02-06,Brooklyn Nets vs Dallas Mavericks,Barclays Center
2024-02-06,Miami Heat vs Orlando Magic,Kaseya Center
2024-02-06,New York Knicks vs Memphis Grizzlies,Madison Square Garden (IV)
2024-02-06,Chicago Bulls vs Minnesota Timberwolves,United Center
2024-02-06,Utah Jazz vs Oklahoma City Thunder,Delta Center
2024-02-06,Phoenix Suns vs Milwaukee Bucks,Footprint Center
2024-02-07,Charlotte Hornets vs Toronto Raptors,Spectrum Center
2024-02-07,Washington Wizards vs Cleveland Cavaliers,Capital One Arena
2024-02-07,Boston Celtics vs Atlanta Hawks,TD Garden
2024-02-07,Miami Heat vs San Antonio Spurs,Kaseya Center
2024-02-07,Philadelphia 76ers vs Golden State Warriors,Wells Fargo Center
2024-02-07,Los Angeles Clippers vs New Orleans Pelicans,Crypto.com Arena
2024-02-07,Sacramento Kings vs Detroit Pistons,Golden 1 Center
2024-02-08,Indiana Pacers vs Golden State Warriors,Gainbridge Fieldhouse
2024-02-08,Orlando Magic vs San Antonio Spurs,Amway Center
2024-02-08,Brooklyn Nets vs Cleveland Cavaliers,Barclays Center
2024-02-08,New York Knicks vs Dallas Mavericks,Madison Square Garden (IV)
2024-02-08,Memphis Grizzlies vs Chicago Bulls,FedEx Forum
2024-02-08,Milwaukee Bucks vs Minnesota Timberwolves,Fiserv Forum
2024-02-08,Phoenix Suns vs Utah Jazz,Footprint Center
2024-02-08,Los Angeles Lakers vs Denver Nuggets,Crypto.com Arena
2024-02-08,Portland Trail Blazers vs Detroit Pistons,Moda Center
2024-02-09,Philadelphia 76ers vs Atlanta Hawks,Wells Fargo Center
2024-02-09,Boston Celtics vs Washington Wizards,TD Garden
2024-02-09,Toronto Raptors vs Houston Rockets,Scotiabank Arena
2024-02-09,Milwaukee Bucks vs Charlotte Hornets,Fiserv Forum
2024-02-09,Sacramento Kings vs Denver Nuggets,Golden 1 Center
2024-02-09,Los Angeles Lakers vs New Orleans Pelicans,Crypto.com Arena
2024-02-10,Dallas Mavericks vs Oklahoma City Thunder,American Airlines Center
2024-02-10,Los Angeles Clippers vs Detroit Pistons,Crypto.com Arena
2024-02-10,Brooklyn Nets vs San Antonio Spurs,Barclays Center
2024-02-10,Charlotte Hornets vs Memphis Grizzlies,Spectrum Center
2024-02-10,Orlando Magic vs Chicago Bulls,Amway Center
2024-02-10,Washington Wizards vs Philadelphia 76ers,Capital One Arena
2024-02-10,Atlanta Hawks vs Houston Rockets,State Farm Arena
2024-02-10,New York Knicks vs Indiana Pacers,Madison Square Garden (IV)
2024-02-10,Toronto Raptors vs Cleveland Cavaliers,Scotiabank Arena
2024-02-10,Golden State Warriors vs Phoenix Suns,Chase Center
2024-02-10,Portland Trail Blazers vs New Orleans Pelicans,Moda Center
2024-02-11,Miami Heat vs Boston Celtics,Kaseya Center
2024-02-11,Oklahoma City Thunder vs Sacramento Kings,Paycom Center
2024-02-12,Charlotte Hornets vs Indiana Pacers,Spectrum Center
2024-02-12,Cleveland Cavaliers vs Philadelphia 76ers,Rocket Mortgage Fieldhouse
2024-02-12,Atlanta Hawks vs Chicago Bulls,State Farm Arena
2024-02-12,Toronto Raptors vs San Antonio Spurs,Scotiabank Arena
2024-02-12,Houston Rockets vs New York Knicks,Toyota Center
2024-02-12,Memphis Grizzlies vs New Orleans Pelicans,FedEx Forum
2024-02-12,Milwaukee Bucks vs Denver Nuggets,Fiserv Forum
2024-02-12,Dallas Mavericks vs Washington Wizards,American Airlines Center
2024-02-12,Utah Jazz vs Golden State Warriors,Delta Center
2024-02-12,Los Angeles Clippers vs Minnesota Timberwolves,Crypto.com Arena
2024-02-13,Brooklyn Nets vs Boston Celtics,Barclays Center
2024-02-13,Orlando Magic vs Oklahoma City Thunder,Amway Center
2024-02-13,Milwaukee Bucks vs Miami Heat,Fiserv Forum
2024-02-13,Phoenix Suns vs Sacramento Kings,Footprint Center
2024-02-13,Portland Trail Blazers vs Minnesota Timberwolves,Moda Center
2024-02-13,Los Angeles Lakers vs Detroit Pistons,Crypto.com Arena
2024-02-14,Charlotte Hornets vs Atlanta Hawks,Spectrum Center
2024-02-14,Orlando Magic vs New York Knicks,Amway Center
2024-02-14,Philadelphia 76ers vs Miami Heat,Wells Fargo Center
2024-02-14,Boston Celtics vs Brooklyn Nets,TD Garden
2024-02-14,Cleveland Cavaliers vs Chicago Bulls,Rocket Mortgage Fieldhouse
2024-02-14,Toronto Raptors vs Indiana Pacers,Scotiabank Arena
2024-02-14,Memphis Grizzlies vs Houston Rockets,FedEx Forum
2024-02-14,New Orleans Pelicans vs Washington Wizards,Smoothie King Center
2024-02-14,Dallas Mavericks vs San Antonio Spurs,American Airlines Center
2024-02-14,Denver Nuggets vs Sacramento Kings,Ball Arena
2024-02-14,Phoenix Suns vs Detroit Pistons,Footprint Center
2024-02-14,Utah Jazz vs Los Angeles Lakers,Delta Center
2024-02-14,Golden State Warriors vs Los Angeles Clippers,Chase Center
2024-02-15,Memphis Grizzlies vs Milwaukee Bucks,FedEx Forum
2024-02-15,Utah Jazz vs Golden State Warriors,Delta Center
2024-02-15,Portland Trail Blazers vs Minnesota Timberwolves,Moda Center
2024-02-22,Cleveland Cavaliers vs Orlando Magic,Rocket Mortgage Fieldhouse
2024-02-22,Indiana Pacers vs Detroit Pistons,Gainbridge Fieldhouse
2024-02-22,Philadelphia 76ers vs New York Knicks,Wells Fargo Center
2024-02-22,Toronto Raptors vs Brooklyn Nets,Scotiabank Arena
2024-02-22,Dallas Mavericks vs Phoenix Suns,American Airlines Center
2024-02-22,Chicago Bulls vs Boston Celtics,United Center
2024-02-22,New Orleans Pelicans vs Houston Rockets,Smoothie King Center
2024-02-22,Oklahoma City Thunder vs Los Angeles Clippers,Paycom Center
2024-02-22,Denver Nuggets vs Washington Wizards,Ball Arena
2024-02-22,Utah Jazz vs Charlotte Hornets,Delta Center
2024-02-22,Golden State Warriors vs Los Angeles Lakers,Chase Center
2024-02-22,Sacramento Kings vs San Antonio Spurs,Golden 1 Center
2024-02-23,Atlanta Hawks vs Toronto Raptors,State Farm Arena
2024-02-23,Philadelphia 76ers vs Cleveland Cavaliers,Wells Fargo Center
2024-02-23,Houston Rockets vs Phoenix Suns,Toyota Center
2024-02-23,Memphis Grizzlies vs Los Angeles Clippers,FedEx Forum
2024-02-23,New Orleans Pelicans vs Miami Heat,Smoothie King Center
2024-02-23,Oklahoma City Thunder vs Washington Wizards,Paycom Center
2024-02-23,Golden State Warriors vs Charlotte Hornets,Chase Center
2024-02-23,Minnesota Timberwolves vs Milwaukee Bucks,Target Center
2024-02-23,Portland Trail Blazers vs Denver Nuggets,Moda Center
2024-02-23,Los Angeles Lakers vs San Antonio Spurs,Crypto.com Arena
2024-02-24,Detroit Pistons vs Orlando Magic,Little Caesars Arena
2024-02-24,New York Knicks vs Boston Celtics,Madison Square Garden (IV)
2024-02-24,Minnesota Timberwolves vs Brooklyn Nets,Target Center
2024-02-25,Philadelphia 76ers vs Milwaukee Bucks,Wells Fargo Center
2024-02-25,Phoenix Suns vs Los Angeles Lakers,Footprint Center
2024-02-25,Indiana Pacers vs Dallas Mavericks,Gainbridge Fieldhouse
2024-02-25,Washington Wizards vs Cleveland Cavaliers,Capital One Arena
2024-02-25,Atlanta Hawks vs Orlando Magic,State Farm Arena
2024-02-25,Golden State Warriors vs Denver Nuggets,Chase Center
2024-02-25,Houston Rockets vs Oklahoma City Thunder,Toyota Center
2024-02-25,New Orleans Pelicans vs Chicago Bulls,Smoothie King Center
2024-02-25,Utah Jazz vs San Antonio Spurs,Delta Center
2024-02-25,Portland Trail Blazers vs Charlotte Hornets,Moda Center
2024-02-25,Los Angeles Clippers vs Sacramento Kings,Crypto.com Arena
2024-02-26,Indiana Pacers vs Toronto Raptors,Gainbridge Fieldhouse
2024-02-26,New York Knicks vs Detroit Pistons,Madison Square Garden (IV)
2024-02-26,Memphis Grizzlies vs Brooklyn Nets,FedEx Forum
2024-02-26,Sacramento Kings vs Miami Heat,Golden 1 Center
2024-02-27,Cleveland Cavaliers vs Dallas Mavericks,Rocket Mortgage Fieldhouse
2024-02-27,Orlando Magic vs Brooklyn Nets,Amway Center
2024-02-27,Washington Wizards vs Golden State Warriors,Capital One Arena
2024-02-27,Atlanta Hawks vs Utah Jazz,State Farm Arena
2024-02-27,Boston Celtics vs Philadelphia 76ers,TD Garden
2024-02-27,Minnesota Timberwolves vs San Antonio Spurs,Target Center
2024-02-27,New York Knicks vs New Orleans Pelicans,Madison Square Garden (IV)
2024-02-27,Chicago Bulls vs Detroit Pistons,United Center
2024-02-27,Milwaukee Bucks vs Charlotte Hornets,Fiserv Forum
2024-02-27,Oklahoma City Thunder vs Houston Rockets,Paycom Center
2024-02-27,Portland Trail Blazers vs Miami Heat,Moda Center
2024-02-28,Indiana Pacers vs New Orleans Pelicans,Gainbridge Fieldhouse
2024-02-28,Minnesota Timberwolves vs Memphis Grizzlies,Target Center
2024-02-28,Toronto Raptors vs Dallas Mavericks,Scotiabank Arena
2024-02-28,Chicago Bulls vs Cleveland Cavaliers,United Center
2024-02-28,Denver Nuggets vs Sacramento Kings,Ball Arena
2024-02-28,Los Angeles Clippers vs Los Angeles Lakers,Crypto.com Arena
2024-02-29,Charlotte Hornets vs Milwaukee Bucks,Spectrum Center
2024-02-29,Orlando Magic vs Utah Jazz,Amway Center
2024-02-29,Brooklyn Nets vs Atlanta Hawks,Barclays Center
2024-02-29,New York Knicks vs Golden State Warriors,Madison Square Garden (IV)
2024-02-29,San Antonio Spurs vs Oklahoma City Thunder,Frost Bank Center
2024-02-29,Phoenix Suns vs Houston Rockets,Footprint Center
2024-02-29,Denver Nuggets vs Miami Heat,Ball Arena
2024-02-29,Los Angeles Lakers vs Washington Wizards,Crypto.com Arena
2024-03-01,Detroit Pistons vs Cleveland Cavaliers,Little Caesars Arena
2024-03-01,Philadelphia 76ers vs Charlotte Hornets,Wells Fargo Center
2024-03-01,Boston Celtics vs Dallas Mavericks,TD Garden
2024-03-01,Toronto Raptors vs Golden State Warriors,Scotiabank Arena
2024-03-01,Memphis Grizzlies vs Portland Trail Blazers,FedEx Forum
2024-03-01,Minnesota Timberwolves vs Sacramento Kings,Target Center
2024-03-01,New Orleans Pelicans vs Indiana Pacers,Smoothie King Center
2024-03-01,Chicago Bulls vs Milwaukee Bucks,United Center
2024-03-01,Los Angeles Clippers vs Washington Wizards,Crypto.com Arena
2024-03-02,Brooklyn Nets vs Atlanta Hawks,Barclays Center
2024-03-02,Miami Heat vs Utah Jazz,Kaseya Center
2024-03-02,Memphis Grizzlies vs Portland Trail Blazers,FedEx Forum
2024-03-02,Los Angeles Lakers vs Denver Nuggets,Crypto.com Arena
2024-03-02,Phoenix Suns vs Houston Rockets,Footprint Center
2024-03-03,Dallas Mavericks vs Philadelphia 76ers,American Airlines Center
2024-03-03,Boston Celtics vs Golden State Warriors,TD Garden
2024-03-03,Minnesota Timberwolves vs Los Angeles Clippers,Target Center
2024-03-03,Orlando Magic vs Detroit Pistons,Amway Center
2024-03-03,Toronto Raptors vs Charlotte Hornets,Scotiabank Arena
2024-03-03,Cleveland Cavaliers vs New York Knicks,Rocket Mortgage Fieldhouse
2024-03-03,San Antonio Spurs vs Indiana Pacers,Frost Bank Center
2024-03-03,Phoenix Suns vs Oklahoma City Thunder,Footprint Center
2024-03-04,Brooklyn Nets vs Memphis Grizzlies,Barclays Center
2024-03-04,Milwaukee Bucks vs Los Angeles Clippers,Fiserv Forum
2024-03-04,Minnesota Timberwolves vs Portland Trail Blazers,Target Center
2024-03-04,Utah Jazz vs Washington Wizards,Delta Center
2024-03-04,Sacramento Kings vs Chicago Bulls,Golden 1 Center
2024-03-04,Los Angeles Lakers vs Oklahoma City Thunder,Crypto.com Arena
2024-03-05,Charlotte Hornets vs Orlando Magic,Spectrum Center
2024-03-05,Cleveland Cavaliers vs Boston Celtics,Rocket Mortgage Fieldhouse
2024-03-05,Brooklyn Nets vs Philadelphia 76ers,Barclays Center
2024-03-05,Miami Heat vs Detroit Pistons,Kaseya Center
2024-03-05,New York Knicks vs Atlanta Hawks,Madison Square Garden (IV)
2024-03-05,Toronto Raptors vs New Orleans Pelicans,Scotiabank Arena
2024-03-05,Houston Rockets vs San Antonio Spurs,Toyota Center
2024-03-05,Dallas Mavericks vs Indiana Pacers,American Airlines Center
2024-03-05,Denver Nuggets vs Phoenix Suns,Ball Arena
2024-03-06,Washington Wizards vs Orlando Magic,Capital One Arena
2024-03-06,Atlanta Hawks vs Cleveland Cavaliers,State Farm Arena
2024-03-06,Philadelphia 76ers vs Memphis Grizzlies,Wells Fargo Center
2024-03-06,Houston Rockets vs Los Angeles Clippers,Toyota Center
2024-03-06,Utah Jazz vs Chicago Bulls,Delta Center
2024-03-06,Golden State Warriors vs Milwaukee Bucks,Chase Center
2024-03-06,Portland Trail Blazers vs Oklahoma City Thunder,Moda Center
2024-03-06,Los Angeles Lakers vs Sacramento Kings,Crypto.com Arena
2024-03-07,Detroit Pistons vs Brooklyn Nets,Little Caesars Arena
2024-03-07,Indiana Pacers vs Minnesota Timberwolves,Gainbridge Fieldhouse
2024-03-07,Dallas Mavericks vs Miami Heat,American Airlines Center
2024-03-07,Phoenix Suns vs Toronto Raptors,Footprint Center
2024-03-07,Denver Nuggets vs Boston Celtics,Ball Arena
2024-03-07,Golden State Warriors vs Chicago Bulls,Chase Center
2024-03-07,Sacramento Kings vs San Antonio Spurs,Golden 1 Center
2024-03-08,Philadelphia 76ers vs New Orleans Pelicans,Wells Fargo Center
2024-03-08,Washington Wizards vs Charlotte Hornets,Capital One Arena
2024-03-08,Cleveland Cavaliers vs Minnesota Timberwolves,Rocket Mortgage Fieldhouse
2024-03-08,Memphis Grizzlies vs Atlanta Hawks,FedEx Forum
2024-03-08,New York Knicks vs Orlando Magic,Madison Square Garden (IV)
2024-03-08,Oklahoma City Thunder vs Miami Heat,Paycom Center
2024-03-08,Los Angeles Lakers vs Milwaukee Bucks,Crypto.com Arena
2024-03-08,Portland Trail Blazers vs Houston Rockets,Moda Center
2024-03-09,Los Angeles Clippers vs Chicago Bulls,Crypto.com Arena
2024-03-09,Charlotte Hornets vs Brooklyn Nets,Spectrum Center
2024-03-09,Detroit Pistons vs Dallas Mavericks,Little Caesars Arena
2024-03-09,Golden State Warriors vs San Antonio Spurs,Chase Center
2024-03-09,Phoenix Suns vs Boston Celtics,Footprint Center
2024-03-09,Denver Nuggets vs Utah Jazz,Ball Arena
2024-03-09,Portland Trail Blazers vs Toronto Raptors,Moda Center
2024-03-10,Los Angeles Clippers vs Milwaukee Bucks,Crypto.com Arena
2024-03-10,Atlanta Hawks vs New Orleans Pelicans,State Farm Arena
2024-03-10,Miami Heat vs Washington Wizards,Kaseya Center
2024-03-10,New York Knicks vs Philadelphia 76ers,Madison Square Garden (IV)
2024-03-10,Orlando Magic vs Indiana Pacers,Amway Center
2024-03-10,Sacramento Kings vs Houston Rockets,Golden 1 Center
2024-03-10,Cleveland Cavaliers vs Brooklyn Nets,Rocket Mortgage Fieldhouse
2024-03-10,Oklahoma City Thunder vs Memphis Grizzlies,Paycom Center
2024-03-10,Los Angeles Lakers vs Minnesota Timberwolves,Crypto.com Arena
2024-03-11,Detroit Pistons vs Charlotte Hornets,Little Caesars Arena
2024-03-11,Cleveland Cavaliers vs Phoenix Suns,Rocket Mortgage Fieldhouse
2024-03-11,Chicago Bulls vs Dallas Mavericks,United Center
2024-03-11,San Antonio Spurs vs Golden State Warriors,Frost Bank Center
2024-03-11,Denver Nuggets vs Toronto Raptors,Ball Arena
2024-03-11,Portland Trail Blazers vs Boston Celtics,Moda Center
2024-03-12,New York Knicks vs Philadelphia 76ers,Madison Square Garden (IV)
2024-03-12,Memphis Grizzlies vs Washington Wizards,FedEx Forum
2024-03-12,Oklahoma City Thunder vs Indiana Pacers,Paycom Center
2024-03-12,San Antonio Spurs vs Houston Rockets,Frost Bank Center
2024-03-12,Utah Jazz vs Boston Celtics,Delta Center
2024-03-12,Los Angeles Clippers vs Minnesota Timberwolves,Crypto.com Arena
2024-03-12,Sacramento Kings vs Milwaukee Bucks,Golden 1 Center
2024-03-13,Detroit Pistons vs Toronto Raptors,Little Caesars Arena
2024-03-13,Orlando Magic vs Brooklyn Nets,Amway Center
2024-03-13,Indiana Pacers vs Chicago Bulls,Gainbridge Fieldhouse
2024-03-13,Miami Heat vs Denver Nuggets,Kaseya Center
2024-03-13,Memphis Grizzlies vs Charlotte Hornets,FedEx Forum
2024-03-13,New Orleans Pelicans vs Cleveland Cavaliers,Smoothie King Center
2024-03-13,Dallas Mavericks vs Golden State Warriors,American Airlines Center
2024-03-13,Portland Trail Blazers vs Atlanta Hawks,Moda Center
2024-03-13,Sacramento Kings vs Los Angeles Lakers,Golden 1 Center
2024-03-14,Boston Celtics vs Phoenix Suns,TD Garden
2024-03-14,Chicago Bulls vs Los Angeles Clippers,United Center
2024-03-14,Houston Rockets vs Washington Wizards,Toyota Center
2024-03-14,Milwaukee Bucks vs Philadelphia 76ers,Fiserv Forum
2024-03-14,Oklahoma City Thunder vs Dallas Mavericks,Paycom Center
2024-03-14,Portland Trail Blazers vs New York Knicks,Moda Center
2024-03-15,Charlotte Hornets vs Phoenix Suns,Spectrum Center
2024-03-15,Detroit Pistons vs Miami Heat,Little Caesars Arena
2024-03-15,Toronto Raptors vs Orlando Magic,Scotiabank Arena
2024-03-15,New Orleans Pelicans vs Los Angeles Clippers,Smoothie King Center
2024-03-15,San Antonio Spurs vs Denver Nuggets,Frost Bank Center
2024-03-15,Utah Jazz vs Atlanta Hawks,Delta Center
2024-03-16,Houston Rockets vs Cleveland Cavaliers,Toyota Center
2024-03-16,Indiana Pacers vs Brooklyn Nets,Gainbridge Fieldhouse
2024-03-16,New Orleans Pelicans vs Portland Trail Blazers,Smoothie King Center
2024-03-16,Philadelphia 76ers vs Charlotte Hornets,Wells Fargo Center
2024-03-16,Chicago Bulls vs Washington Wizards,United Center
2024-03-16,Memphis Grizzlies vs Oklahoma City Thunder,FedEx Forum
2024-03-16,Los Angeles Lakers vs Golden State Warriors,Crypto.com Arena
2024-03-16,Utah Jazz vs Minnesota Timberwolves,Delta Center
2024-03-16,Sacramento Kings vs New York Knicks,Golden 1 Center
2024-03-17,Milwaukee Bucks vs Phoenix Suns,Fiserv Forum
2024-03-17,Detroit Pistons vs Miami Heat,Little Caesars Arena
2024-03-17,Dallas Mavericks vs Denver Nuggets,American Airlines Center
2024-03-17,Orlando Magic vs Toronto Raptors,Amway Center
2024-03-17,Washington Wizards vs Boston Celtics,Capital One Arena
2024-03-17,San Antonio Spurs vs Brooklyn Nets,Frost Bank Center
2024-03-17,Los Angeles Clippers vs Atlanta Hawks,Crypto.com Arena
2024-03-18,Indiana Pacers vs Cleveland Cavaliers,Gainbridge Fieldhouse
2024-03-18,Boston Celtics vs Detroit Pistons,TD Garden
2024-03-18,Philadelphia 76ers vs Miami Heat,Wells Fargo Center
2024-03-18,Chicago Bulls vs Portland Trail Blazers,United Center
2024-03-18,Utah Jazz vs Minnesota Timberwolves,Delta Center
2024-03-18,Golden State Warriors vs New York Knicks,Chase Center
2024-03-18,Sacramento Kings vs Memphis Grizzlies,Golden 1 Center
2024-03-18,Los Angeles Lakers vs Atlanta Hawks,Crypto.com Arena
2024-03-19,Orlando Magic vs Charlotte Hornets,Amway Center
2024-03-19,Washington Wizards vs Houston Rockets,Capital One Arena
2024-03-19,Brooklyn Nets vs New Orleans Pelicans,Barclays Center
2024-03-19,San Antonio Spurs vs Dallas Mavericks,Frost Bank Center
2024-03-19,Minnesota Timberwolves vs Denver Nuggets,Target Center
2024-03-20,Cleveland Cavaliers vs Miami Heat,Rocket Mortgage Fieldhouse
2024-03-20,Detroit Pistons vs Indiana Pacers,Little Caesars Arena
2024-03-20,Boston Celtics vs Milwaukee Bucks,TD Garden
2024-03-20,Toronto Raptors vs Sacramento Kings,Scotiabank Arena
2024-03-20,Oklahoma City Thunder vs Utah Jazz,Paycom Center
2024-03-20,Golden State Warriors vs Memphis Grizzlies,Chase Center
2024-03-20,Phoenix Suns vs Philadelphia 76ers,Footprint Center
2024-03-20,Portland Trail Blazers vs Los Angeles Clippers,Moda Center
2024-03-21,Orlando Magic vs New Orleans Pelicans,Amway Center
2024-03-21,Washington Wizards vs Sacramento Kings,Capital One Arena
2024-03-21,Houston Rockets vs Chicago Bulls,Toyota Center
2024-03-21,Milwaukee Bucks vs Brooklyn Nets,Fiserv Forum
2024-03-21,Dallas Mavericks vs Utah Jazz,American Airlines Center
2024-03-21,Denver Nuggets vs New York Knicks,Ball Arena
2024-03-21,Phoenix Suns vs Atlanta Hawks,Footprint Center
2024-03-22,Detroit Pistons vs Boston Celtics,Little Caesars Arena
2024-03-22,Toronto Raptors vs Oklahoma City Thunder,Scotiabank Arena
2024-03-22,Miami Heat vs New Orleans Pelicans,Kaseya Center
2024-03-22,Minnesota Timberwolves vs Cleveland Cavaliers,Target Center
2024-03-22,San Antonio Spurs vs Memphis Grizzlies,Frost Bank Center
2024-03-22,Golden State Warriors vs Indiana Pacers,Chase Center
2024-03-22,Portland Trail Blazers vs Los Angeles Clippers,Moda Center
2024-03-22,Los Angeles Lakers vs Philadelphia 76ers,Crypto.com Arena
2024-03-23,New York Knicks vs Brooklyn Nets,Madison Square Garden (IV)
2024-03-23,Orlando Magic vs Sacramento Kings,Amway Center
2024-03-23,Atlanta Hawks vs Charlotte Hornets,State Farm Arena
2024-03-23,Chicago Bulls vs Boston Celtics,United Center
2024-03-23,Houston Rockets vs Utah Jazz,Toyota Center
2024-03-23,San Antonio Spurs vs Phoenix Suns,Frost Bank Center
2024-03-23,Washington Wizards vs Toronto Raptors,Capital One Arena
2024-03-23,Portland Trail Blazers vs Denver Nuggets,Moda Center
2024-03-24,Detroit Pistons vs New Orleans Pelicans,Little Caesars Arena
2024-03-24,Los Angeles Clippers vs Philadelphia 76ers,Crypto.com Arena
2024-03-24,Miami Heat vs Cleveland Cavaliers,Kaseya Center
2024-03-24,Milwaukee Bucks vs Oklahoma City Thunder,Fiserv Forum
2024-03-24,Minnesota Timberwolves vs Golden State Warriors,Target Center
2024-03-24,Los Angeles Lakers vs Indiana Pacers,Crypto.com Arena
2024-03-25,Cleveland Cavaliers vs Charlotte Hornets,Rocket Mortgage Fieldhouse
2024-03-25,Atlanta Hawks vs Boston Celtics,State Farm Arena
2024-03-25,New York Knicks vs Detroit Pistons,Madison Square Garden (IV)
2024-03-25,Toronto Raptors vs Brooklyn Nets,Scotiabank Arena
2024-03-25,Chicago Bulls vs Washington Wizards,United Center
2024-03-25,Houston Rockets vs Portland Trail Blazers,Toyota Center
2024-03-25,San Antonio Spurs vs Phoenix Suns,Frost Bank Center
2024-03-25,Denver Nuggets vs Memphis Grizzlies,Ball Arena
2024-03-25,Utah Jazz vs Dallas Mavericks,Delta Center
2024-03-25,Sacramento Kings vs Philadelphia 76ers,Golden 1 Center
2024-03-25,Los Angeles Clippers vs Indiana Pacers,Crypto.com Arena
2024-03-26,Miami Heat vs Golden State Warriors,Kaseya Center
2024-03-26,Milwaukee Bucks vs Los Angeles Lakers,Fiserv Forum
2024-03-26,New Orleans Pelicans vs Oklahoma City Thunder,Smoothie King Center
2024-03-26,Sacramento Kings vs Dallas Mavericks,Golden 1 Center
2024-03-27,Charlotte Hornets vs Cleveland Cavaliers,Spectrum Center
2024-03-27,Orlando Magic vs Golden State Warriors,Amway Center
2024-03-27,Washington Wizards vs Brooklyn Nets,Capital One Arena
2024-03-27,Atlanta Hawks vs Portland Trail Blazers,State Farm Arena
2024-03-27,Philadelphia 76ers vs Los Angeles Clippers,Wells Fargo Center
2024-03-27,Toronto Raptors vs New York Knicks,Scotiabank Arena
2024-03-27,Chicago Bulls vs Indiana Pacers,United Center
2024-03-27,Memphis Grizzlies vs Los Angeles Lakers,FedEx Forum
2024-03-27,Minnesota Timberwolves vs Detroit Pistons,Target Center
2024-03-27,Oklahoma City Thunder vs Houston Rockets,Paycom Center
2024-03-27,Utah Jazz vs San Antonio Spurs,Delta Center
2024-03-27,Denver Nuggets vs Phoenix Suns,Ball Arena
2024-03-28,Atlanta Hawks vs Boston Celtics,State Farm Arena
2024-03-28,New Orleans Pelicans vs Milwaukee Bucks,Smoothie King Center
2024-03-29,Charlotte Hornets vs Golden State Warriors,Spectrum Center
2024-03-29,Indiana Pacers vs Los Angeles Lakers,Gainbridge Fieldhouse
2024-03-29,Orlando Magic vs Los Angeles Clippers,Amway Center
2024-03-29,Washington Wizards vs Detroit Pistons,Capital One Arena
2024-03-29,Brooklyn Nets vs Chicago Bulls,Barclays Center
2024-03-29,Cleveland Cavaliers vs Philadelphia 76ers,Rocket Mortgage Fieldhouse
2024-03-29,Miami Heat vs Portland Trail Blazers,Kaseya Center
2024-03-29,Oklahoma City Thunder vs Phoenix Suns,Paycom Center
2024-03-29,San Antonio Spurs vs New York Knicks,Frost Bank Center
2024-03-29,Denver Nuggets vs Minnesota Timberwolves,Ball Arena
2024-03-29,Utah Jazz vs Houston Rockets,Delta Center
2024-03-29,Sacramento Kings vs Dallas Mavericks,Golden 1 Center
2024-03-30,New Orleans Pelicans vs Boston Celtics,Smoothie King Center
2024-03-30,Orlando Magic vs Memphis Grizzlies,Amway Center
2024-03-30,Atlanta Hawks vs Milwaukee Bucks,State Farm Arena
2024-03-31,Denver Nuggets vs Cleveland Cavaliers,Ball Arena
2024-03-31,Brooklyn Nets vs Los Angeles Lakers,Barclays Center
2024-03-31,Charlotte Hornets vs Los Angeles Clippers,Spectrum Center
2024-03-31,Toronto Raptors vs Philadelphia 76ers,Scotiabank Arena
2024-03-31,Washington Wizards vs Miami Heat,Capital One Arena
2024-03-31,Houston Rockets vs Dallas Mavericks,Toyota Center
2024-03-31,Minnesota Timberwolves vs Chicago Bulls,Target Center
2024-03-31,New York Knicks vs Oklahoma City Thunder,Madison Square Garden (IV)
2024-03-31,San Antonio Spurs vs Golden State Warriors,Frost Bank Center
2024-03-31,Sacramento Kings vs Utah Jazz,Golden 1 Center
2024-04-01,Charlotte Hornets vs Boston Celtics,Spectrum Center
2024-04-01,Detroit Pistons vs Memphis Grizzlies,Little Caesars Arena
2024-04-01,Indiana Pacers vs Brooklyn Nets,Gainbridge Fieldhouse
2024-04-01,Orlando Magic vs Portland Trail Blazers,Amway Center
2024-04-01,Chicago Bulls vs Atlanta Hawks,United Center
2024-04-01,New Orleans Pelicans vs Phoenix Suns,Smoothie King Center
2024-04-02,Toronto Raptors vs Los Angeles Lakers,Scotiabank Arena
2024-04-02,Washington Wizards vs Milwaukee Bucks,Capital One Arena
2024-04-02,Miami Heat vs New York Knicks,Kaseya Center
2024-04-02,Philadelphia 76ers vs Oklahoma City Thunder,Wells Fargo Center
2024-04-02,Minnesota Timberwolves vs Houston Rockets,Target Center
2024-04-02,Denver Nuggets vs San Antonio Spurs,Ball Arena
2024-04-02,Utah Jazz vs Cleveland Cavaliers,Delta Center
2024-04-02,Golden State Warriors vs Dallas Mavericks,Chase Center
2024-04-02,Sacramento Kings vs Los Angeles Clippers,Golden 1 Center
2024-04-03,Charlotte Hornets vs Portland Trail Blazers,Spectrum Center
2024-04-03,Washington Wizards vs Los Angeles Lakers,Capital One Arena
2024-04-03,Atlanta Hawks vs Detroit Pistons,State Farm Arena
2024-04-03,Boston Celtics vs Oklahoma City Thunder,TD Garden
2024-04-03,Brooklyn Nets vs Indiana Pacers,Barclays Center
2024-04-03,Milwaukee Bucks vs Memphis Grizzlies,Fiserv Forum
2024-04-03,Minnesota Timberwolves vs Toronto Raptors,Target Center
2024-04-03,New Orleans Pelicans vs Orlando Magic,Smoothie King Center
2024-04-03,Phoenix Suns vs Cleveland Cavaliers,Footprint Center
2024-04-04,Miami Heat vs Philadelphia 76ers,Kaseya Center
2024-04-04,New York Knicks vs Sacramento Kings,Madison Square Garden (IV)
2024-04-04,Houston Rockets vs Golden State Warriors,Toyota Center
2024-04-04,Dallas Mavericks vs Atlanta Hawks,American Airlines Center
2024-04-04,Los Angeles Clippers vs Denver Nuggets,Crypto.com Arena
2024-04-05,Charlotte Hornets vs Orlando Magic,Spectrum Center
2024-04-05,Indiana Pacers vs Oklahoma City Thunder,Gainbridge Fieldhouse
2024-04-05,Washington Wizards vs Portland Trail Blazers,Capital One Arena
2024-04-05,Boston Celtics vs Sacramento Kings,TD Garden
2024-04-05,Chicago Bulls vs New York Knicks,United Center
2024-04-05,Houston Rockets vs Miami Heat,Toyota Center
2024-04-05,Memphis Grizzlies vs Detroit Pistons,FedEx Forum
2024-04-05,Milwaukee Bucks vs Toronto Raptors,Fiserv Forum
2024-04-05,New Orleans Pelicans vs San Antonio Spurs,Smoothie King Center
2024-04-05,Dallas Mavericks vs Golden State Warriors,American Airlines Center
2024-04-05,Phoenix Suns vs Minnesota Timberwolves,Footprint Center
2024-04-05,Los Angeles Clippers vs Utah Jazz,Crypto.com Arena
2024-04-06,Los Angeles Lakers vs Cleveland Cavaliers,Crypto.com Arena
2024-04-06,Brooklyn Nets vs Detroit Pistons,Barclays Center
2024-04-06,Memphis Grizzlies vs Philadelphia 76ers,FedEx Forum
2024-04-06,Denver Nuggets vs Atlanta Hawks,Ball Arena
2024-04-07,Dallas Mavericks vs Houston Rockets,American Airlines Center
2024-04-07,Los Angeles Clippers vs Cleveland Cavaliers,Crypto.com Arena
2024-04-07,Indiana Pacers vs Miami Heat,Gainbridge Fieldhouse
2024-04-07,Boston Celtics vs Portland Trail Blazers,TD Garden
2024-04-07,Charlotte Hornets vs Oklahoma City Thunder,Spectrum Center
2024-04-07,Orlando Magic vs Chicago Bulls,Amway Center
2024-04-07,Phoenix Suns vs New Orleans Pelicans,Footprint Center
2024-04-07,Toronto Raptors vs Washington Wizards,Scotiabank Arena
2024-04-07,Milwaukee Bucks vs New York Knicks,Fiserv Forum
2024-04-07,San Antonio Spurs vs Philadelphia 76ers,Frost Bank Center
2024-04-07,Brooklyn Nets vs Sacramento Kings,Barclays Center
2024-04-07,Golden State Warriors vs Utah Jazz,Chase Center
2024-04-07,Los Angeles Lakers vs Minnesota Timberwolves,Crypto.com Arena
2024-04-09,Charlotte Hornets vs Dallas Mavericks,Spectrum Center
2024-04-09,Philadelphia 76ers vs Detroit Pistons,Wells Fargo Center
2024-04-09,Toronto Raptors vs Indiana Pacers,Scotiabank Arena
2024-04-09,Atlanta Hawks vs Miami Heat,State Farm Arena
2024-04-09,Milwaukee Bucks vs Boston Celtics,Fiserv Forum
2024-04-09,Chicago Bulls vs New York Knicks,United Center
2024-04-09,Houston Rockets vs Orlando Magic,Toyota Center
2024-04-09,Memphis Grizzlies vs San Antonio Spurs,FedEx Forum
2024-04-09,Minnesota Timberwolves vs Washington Wizards,Target Center
2024-04-09,Oklahoma City Thunder vs Sacramento Kings,Paycom Center
2024-04-09,Utah Jazz vs Denver Nuggets,Delta Center
2024-04-09,Los Angeles Lakers vs Golden State Warriors,Crypto.com Arena
2024-04-09,Phoenix Suns vs Los Angeles Clippers,Footprint Center
2024-04-09,Portland Trail Blazers vs New Orleans Pelicans,Moda Center
2024-04-10,Cleveland Cavaliers vs Memphis Grizzlies,Rocket Mortgage Fieldhouse
2024-04-10,Atlanta Hawks vs Charlotte Hornets,State Farm Arena
2024-04-10,Brooklyn Nets vs Toronto Raptors,Barclays Center
2024-04-10,Miami Heat vs Dallas Mavericks,Kaseya Center
2024-04-10,Milwaukee Bucks vs Orlando Magic,Fiserv Forum
2024-04-10,Oklahoma City Thunder vs San Antonio Spurs,Paycom Center
2024-04-10,Denver Nuggets vs Minnesota Timberwolves,Ball Arena
2024-04-10,Los Angeles Clippers vs Phoenix Suns,Crypto.com Arena
2024-04-11,Detroit Pistons vs Chicago Bulls,Little Caesars Arena
2024-04-11,Boston Celtics vs New York Knicks,TD Garden
2024-04-11,Utah Jazz vs Houston Rockets,Delta Center
2024-04-11,Portland Trail Blazers vs Golden State Warriors,Moda Center
2024-04-11,Sacramento Kings vs New Orleans Pelicans,Golden 1 Center
2024-04-12,Philadelphia 76ers vs Orlando Magic,Wells Fargo Center
2024-04-12,Washington Wizards vs Chicago Bulls,Capital One Arena
2024-04-12,Boston Celtics vs Charlotte Hornets,TD Garden
2024-04-12,Cleveland Cavaliers vs Indiana Pacers,Rocket Mortgage Fieldhouse
2024-04-12,New York Knicks vs Brooklyn Nets,Madison Square Garden (IV)
2024-04-12,Memphis Grizzlies vs Los Angeles Lakers,FedEx Forum
2024-04-12,Miami Heat vs Toronto Raptors,Kaseya Center
2024-04-12,Minnesota Timberwolves vs Atlanta Hawks,Target Center
2024-04-12,Oklahoma City Thunder vs Milwaukee Bucks,Paycom Center
2024-04-12,San Antonio Spurs vs Denver Nuggets,Frost Bank Center
2024-04-12,Dallas Mavericks vs Detroit Pistons,American Airlines Center
2024-04-12,Golden State Warriors vs New Orleans Pelicans,Chase Center
2024-04-12,Portland Trail Blazers vs Houston Rockets,Moda Center
2024-04-12,Los Angeles Clippers vs Utah Jazz,Crypto.com Arena
2024-04-12,Sacramento Kings vs Phoenix Suns,Golden 1 Center
2024-04-14,Boston Celtics vs Washington Wizards,TD Garden
2024-04-14,Cleveland Cavaliers vs Charlotte Hornets,Rocket Mortgage Fieldhouse
2024-04-14,Indiana Pacers vs Atlanta Hawks,Gainbridge Fieldhouse
2024-04-14,Miami Heat vs Toronto Raptors,Kaseya Center
2024-04-14,New York Knicks vs Chicago Bulls,Madison Square Garden (IV)
2024-04-14,Orlando Magic vs Milwaukee Bucks,Amway Center
2024-04-14,Philadelphia 76ers vs Brooklyn Nets,Wells Fargo Center
2024-04-14,Golden State Warriors vs Utah Jazz,Chase Center
2024-04-14,Los Angeles Clippers vs Houston Rockets,Crypto.com Arena
2024-04-14,Memphis Grizzlies vs Denver Nuggets,FedEx Forum
2024-04-14,Minnesota Timberwolves vs Phoenix Suns,Target Center
2024-04-14,New Orleans Pelicans vs Los Angeles Lakers,Smoothie King Center
2024-04-14,Oklahoma City Thunder vs Dallas Mavericks,Paycom Center
2024-04-14,Sacramento Kings vs Portland Trail Blazers,Golden 1 Center
2024-04-14,San Antonio Spurs vs Detroit Pistons,Frost Bank Center
